Поезд/Нитка,Дней до отправления,Станция отп.,Станция назн.,Тип/Кл.обсл.,Кол-во прод. мест,Сумма по бил.,Сумма по плац.,Сумма серв. усл.,Итого сумма билета,Расстояние
135А,1,РОСТОВ-ГЛАВНЫЙ,МАХАЧКАЛА,2К,1,,,208.0,3055.0,899
135А,1,РОСТОВ-ГЛАВНЫЙ,МАХАЧКАЛА,3Э,1,,,188.2,2685.0,899
135А,1,РОСТОВ-ГЛАВНЫЙ,МАХАЧКАЛА,,1,,,0.0,0.0,899
262Э,1,РОСТОВ-ГЛАВНЫЙ,МАХАЧКАЛА,3Э,1,,,188.2,2685.0,899
262Э,1,РОСТОВ-ГЛАВНЫЙ,МАХАЧКАЛА,,1,,,0.0,0.0,899
262Э,1,РОСТОВ-ГЛАВНЫЙ,МАХАЧКАЛА,3Э,1,,,188.2,2685.0,899
262Э,3,РОСТОВ-ГЛАВНЫЙ,МАХАЧКАЛА,2К,1,,,208.0,3055.0,899
262Э,3,РОСТОВ-ГЛАВНЫЙ,МАХАЧКАЛА,3Б,1,,,188.2,2685.0,899
262Э,3,РОСТОВ-ГЛАВНЫЙ,МАХАЧКАЛА,3Э,1,,,188.2,2685.0,899
262Э,3,РОСТОВ-ГЛАВНЫЙ,МАХАЧКАЛА,,1,,,0.0,0.0,899
135А,5,РОСТОВ-ГЛАВНЫЙ,МАХАЧКАЛА,3Э,1,,,188.2,2685.0,899
135А,5,РОСТОВ-ГЛАВНЫЙ,МАХАЧКАЛА,,1,,,0.0,0.0,899
262Э,5,РОСТОВ-ГЛАВНЫЙ,МАХАЧКАЛА,2К,1,,,208.0,3055.0,899
262Э,5,РОСТОВ-ГЛАВНЫЙ,МАХАЧКАЛА,2К,1,,,208.0,3055.0,899
262Э,5,РОСТОВ-ГЛАВНЫЙ,МАХАЧКАЛА,3Б,1,,,188.2,2685.0,899
262Э,5,РОСТОВ-ГЛАВНЫЙ,МАХАЧКАЛА,3Э,1,,,188.2,2685.0,899
262Э,5,РОСТОВ-ГЛАВНЫЙ,МАХАЧКАЛА,,1,,,0.0,0.0,899
262Э,7,РОСТОВ-ГЛАВНЫЙ,МАХАЧКАЛА,2К,1,,,208.0,2485.6,899
262Э,7,РОСТОВ-ГЛАВНЫЙ,МАХАЧКАЛА,2К,1,,,208.0,3055.0,899
262Э,7,РОСТОВ-ГЛАВНЫЙ,МАХАЧКАЛА,2К,1,,,208.0,3055.0,899
262Э,7,РОСТОВ-ГЛАВНЫЙ,МАХАЧКАЛА,2К,1,,,208.0,3461.7,899
262Э,7,РОСТОВ-ГЛАВНЫЙ,МАХАЧКАЛА,2К,1,,,208.0,3055.0,899
262Э,7,РОСТОВ-ГЛАВНЫЙ,МАХАЧКАЛА,3Б,1,,,188.2,2685.0,899
262Э,7,РОСТОВ-ГЛАВНЫЙ,МАХАЧКАЛА,3Э,1,,,188.2,2685.0,899
262Э,7,РОСТОВ-ГЛАВНЫЙ,МАХАЧКАЛА,,1,,,0.0,0.0,899
135А,9,РОСТОВ-ГЛАВНЫЙ,МАХАЧКАЛА,1Л,1,,,384.0,9547.5,899
135А,9,РОСТОВ-ГЛАВНЫЙ,МАХАЧКАЛА,2К,1,,,208.0,3055.0,899
135А,9,РОСТОВ-ГЛАВНЫЙ,МАХАЧКАЛА,3Б,1,,,188.2,2685.0,899
135А,9,РОСТОВ-ГЛАВНЫЙ,МАХАЧКАЛА,3Э,1,,,188.2,2685.0,899
135А,9,РОСТОВ-ГЛАВНЫЙ,МАХАЧКАЛА,,1,,,0.0,0.0,899
262Э,9,РОСТОВ-ГЛАВНЫЙ,МАХАЧКАЛА,2К,1,,,208.0,2485.6,899
262Э,9,РОСТОВ-ГЛАВНЫЙ,МАХАЧКАЛА,2К,1,,,208.0,3055.0,899
262Э,9,РОСТОВ-ГЛАВНЫЙ,МАХАЧКАЛА,2К,1,,,208.0,3461.7,899
262Э,9,РОСТОВ-ГЛАВНЫЙ,МАХАЧКАЛА,2К,1,,,208.0,2485.6,899
262Э,9,РОСТОВ-ГЛАВНЫЙ,МАХАЧКАЛА,2К,1,,,208.0,3055.0,899
262Э,9,РОСТОВ-ГЛАВНЫЙ,МАХАЧКАЛА,3Б,1,,,188.2,2685.0,899
262Э,9,РОСТОВ-ГЛАВНЫЙ,МАХАЧКАЛА,3Э,1,,,188.2,2685.0,899
262Э,9,РОСТОВ-ГЛАВНЫЙ,МАХАЧКАЛА,,1,,,0.0,0.0,899
135А,11,РОСТОВ-ГЛАВНЫЙ,МАХАЧКАЛА,1Л,1,,,384.0,9547.5,899
135А,11,РОСТОВ-ГЛАВНЫЙ,МАХАЧКАЛА,,1,,,0.0,0.0,899
262Э,11,РОСТОВ-ГЛАВНЫЙ,МАХАЧКАЛА,2К,1,,,208.0,2257.8,899
262Э,11,РОСТОВ-ГЛАВНЫЙ,МАХАЧКАЛА,2К,1,,,208.0,2770.3,899
262Э,11,РОСТОВ-ГЛАВНЫЙ,МАХАЧКАЛА,2К,1,,,208.0,3136.3,899
262Э,11,РОСТОВ-ГЛАВНЫЙ,МАХАЧКАЛА,2К,1,,,208.0,2770.3,899
262Э,11,РОСТОВ-ГЛАВНЫЙ,МАХАЧКАЛА,2К,1,,,208.0,3136.3,899
262Э,11,РОСТОВ-ГЛАВНЫЙ,МАХАЧКАЛА,2К,1,,,208.0,2038.2,899
262Э,11,РОСТОВ-ГЛАВНЫЙ,МАХАЧКАЛА,3Б,1,,,188.2,2685.0,899
262Э,11,РОСТОВ-ГЛАВНЫЙ,МАХАЧКАЛА,3Э,1,,,188.2,2685.0,899
262Э,11,РОСТОВ-ГЛАВНЫЙ,МАХАЧКАЛА,,1,,,0.0,0.0,899
135А,13,РОСТОВ-ГЛАВНЫЙ,МАХАЧКАЛА,1Л,1,,,384.0,9547.5,899
135А,13,РОСТОВ-ГЛАВНЫЙ,МАХАЧКАЛА,,1,,,0.0,0.0,899
262Э,13,РОСТОВ-ГЛАВНЫЙ,МАХАЧКАЛА,2К,1,,,208.0,2257.8,899
262Э,13,РОСТОВ-ГЛАВНЫЙ,МАХАЧКАЛА,2К,1,,,208.0,2770.3,899
262Э,13,РОСТОВ-ГЛАВНЫЙ,МАХАЧКАЛА,2К,1,,,208.0,2770.3,899
262Э,13,РОСТОВ-ГЛАВНЫЙ,МАХАЧКАЛА,2К,1,,,208.0,3136.3,899
262Э,13,РОСТОВ-ГЛАВНЫЙ,МАХАЧКАЛА,2К,1,,,208.0,2770.3,899
262Э,13,РОСТОВ-ГЛАВНЫЙ,МАХАЧКАЛА,2К,1,,,208.0,3136.3,899
262Э,13,РОСТОВ-ГЛАВНЫЙ,МАХАЧКАЛА,2К,1,,,208.0,2038.2,899
262Э,13,РОСТОВ-ГЛАВНЫЙ,МАХАЧКАЛА,3Б,1,,,188.2,2685.0,899
262Э,13,РОСТОВ-ГЛАВНЫЙ,МАХАЧКАЛА,3Э,1,,,188.2,2685.0,899
262Э,13,РОСТОВ-ГЛАВНЫЙ,МАХАЧКАЛА,,1,,,0.0,0.0,899
135А,15,РОСТОВ-ГЛАВНЫЙ,МАХАЧКАЛА,1Л,1,,,384.0,9547.5,899
135А,15,РОСТОВ-ГЛАВНЫЙ,МАХАЧКАЛА,3Б,1,,,188.2,2685.0,899
135А,15,РОСТОВ-ГЛАВНЫЙ,МАХАЧКАЛА,3Э,1,,,188.2,2685.0,899
135А,15,РОСТОВ-ГЛАВНЫЙ,МАХАЧКАЛА,,1,,,0.0,0.0,899
262Э,15,РОСТОВ-ГЛАВНЫЙ,МАХАЧКАЛА,2К,1,,,208.0,3055.0,899
262Э,15,РОСТОВ-ГЛАВНЫЙ,МАХАЧКАЛА,2К,1,,,208.0,3461.7,899
262Э,15,РОСТОВ-ГЛАВНЫЙ,МАХАЧКАЛА,2К,1,,,208.0,3055.0,899
262Э,15,РОСТОВ-ГЛАВНЫЙ,МАХАЧКАЛА,2К,1,,,208.0,2241.6,899
262Э,15,РОСТОВ-ГЛАВНЫЙ,МАХАЧКАЛА,3Б,1,,,188.2,2685.0,899
262Э,15,РОСТОВ-ГЛАВНЫЙ,МАХАЧКАЛА,3Э,1,,,188.2,2685.0,899
262Э,15,РОСТОВ-ГЛАВНЫЙ,МАХАЧКАЛА,,1,,,0.0,0.0,899
262Э,18,РОСТОВ-ГЛАВНЫЙ,МАХАЧКАЛА,2К,1,,,208.0,2485.6,899
262Э,18,РОСТОВ-ГЛАВНЫЙ,МАХАЧКАЛА,2К,1,,,208.0,3055.0,899
262Э,18,РОСТОВ-ГЛАВНЫЙ,МАХАЧКАЛА,2К,1,,,208.0,2485.6,899
262Э,18,РОСТОВ-ГЛАВНЫЙ,МАХАЧКАЛА,2К,1,,,208.0,3055.0,899
262Э,18,РОСТОВ-ГЛАВНЫЙ,МАХАЧКАЛА,3Б,1,,,188.2,2685.0,899
262Э,18,РОСТОВ-ГЛАВНЫЙ,МАХАЧКАЛА,3Э,1,,,188.2,2685.0,899
262Э,18,РОСТОВ-ГЛАВНЫЙ,МАХАЧКАЛА,,1,,,0.0,0.0,899
135А,19,РОСТОВ-ГЛАВНЫЙ,МАХАЧКАЛА,1Л,1,,,384.0,9547.5,899
135А,19,РОСТОВ-ГЛАВНЫЙ,МАХАЧКАЛА,2К,1,,,208.0,3055.0,899
135А,19,РОСТОВ-ГЛАВНЫЙ,МАХАЧКАЛА,2К,1,,,208.0,2241.6,899
135А,19,РОСТОВ-ГЛАВНЫЙ,МАХАЧКАЛА,3Б,1,,,188.2,2685.0,899
135А,19,РОСТОВ-ГЛАВНЫЙ,МАХАЧКАЛА,3Э,1,,,188.2,2685.0,899
135А,19,РОСТОВ-ГЛАВНЫЙ,МАХАЧКАЛА,,1,,,0.0,0.0,899
262Э,20,РОСТОВ-ГЛАВНЫЙ,МАХАЧКАЛА,2К,1,,,208.0,2485.6,899
262Э,20,РОСТОВ-ГЛАВНЫЙ,МАХАЧКАЛА,2К,1,,,208.0,2485.6,899
262Э,20,РОСТОВ-ГЛАВНЫЙ,МАХАЧКАЛА,2К,1,,,208.0,3055.0,899
262Э,20,РОСТОВ-ГЛАВНЫЙ,МАХАЧКАЛА,2К,1,,,208.0,2485.6,899
262Э,20,РОСТОВ-ГЛАВНЫЙ,МАХАЧКАЛА,2К,1,,,208.0,3055.0,899
262Э,20,РОСТОВ-ГЛАВНЫЙ,МАХАЧКАЛА,2К,1,,,208.0,2241.6,899
262Э,20,РОСТОВ-ГЛАВНЫЙ,МАХАЧКАЛА,3Б,1,,,188.2,2685.0,899
262Э,20,РОСТОВ-ГЛАВНЫЙ,МАХАЧКАЛА,3Э,1,,,188.2,2685.0,899
262Э,20,РОСТОВ-ГЛАВНЫЙ,МАХАЧКАЛА,,1,,,0.0,0.0,899
135А,22,РОСТОВ-ГЛАВНЫЙ,МАХАЧКАЛА,2К,1,,,208.0,3055.0,899
135А,22,РОСТОВ-ГЛАВНЫЙ,МАХАЧКАЛА,3Б,1,,,188.2,2685.0,899
135А,22,РОСТОВ-ГЛАВНЫЙ,МАХАЧКАЛА,3Э,1,,,188.2,2685.0,899
135А,22,РОСТОВ-ГЛАВНЫЙ,МАХАЧКАЛА,,1,,,0.0,0.0,899
262Э,22,РОСТОВ-ГЛАВНЫЙ,МАХАЧКАЛА,2К,1,,,208.0,2485.6,899
262Э,22,РОСТОВ-ГЛАВНЫЙ,МАХАЧКАЛА,2К,1,,,208.0,2485.6,899
262Э,22,РОСТОВ-ГЛАВНЫЙ,МАХАЧКАЛА,2К,1,,,208.0,3055.0,899
262Э,22,РОСТОВ-ГЛАВНЫЙ,МАХАЧКАЛА,2К,1,,,208.0,2485.6,899
262Э,22,РОСТОВ-ГЛАВНЫЙ,МАХАЧКАЛА,2К,1,,,208.0,3055.0,899
262Э,22,РОСТОВ-ГЛАВНЫЙ,МАХАЧКАЛА,2К,1,,,208.0,2241.6,899
262Э,22,РОСТОВ-ГЛАВНЫЙ,МАХАЧКАЛА,3Б,1,,,188.2,2685.0,899
262Э,22,РОСТОВ-ГЛАВНЫЙ,МАХАЧКАЛА,3Э,1,,,188.2,2685.0,899
262Э,22,РОСТОВ-ГЛАВНЫЙ,МАХАЧКАЛА,,1,,,0.0,0.0,899
135А,24,РОСТОВ-ГЛАВНЫЙ,МАХАЧКАЛА,1Л,1,,,384.0,9547.5,899
135А,24,РОСТОВ-ГЛАВНЫЙ,МАХАЧКАЛА,2К,1,,,208.0,3461.7,899
135А,24,РОСТОВ-ГЛАВНЫЙ,МАХАЧКАЛА,2К,1,,,208.0,2241.6,899
135А,24,РОСТОВ-ГЛАВНЫЙ,МАХАЧКАЛА,3Б,1,,,188.2,2685.0,899
135А,24,РОСТОВ-ГЛАВНЫЙ,МАХАЧКАЛА,3Э,1,,,188.2,2685.0,899
135А,24,РОСТОВ-ГЛАВНЫЙ,МАХАЧКАЛА,,1,,,0.0,0.0,899
262Э,24,РОСТОВ-ГЛАВНЫЙ,МАХАЧКАЛА,2К,1,,,208.0,2485.6,899
262Э,24,РОСТОВ-ГЛАВНЫЙ,МАХАЧКАЛА,2К,1,,,208.0,3055.0,899
262Э,24,РОСТОВ-ГЛАВНЫЙ,МАХАЧКАЛА,2К,1,,,208.0,2485.6,899
262Э,24,РОСТОВ-ГЛАВНЫЙ,МАХАЧКАЛА,2К,1,,,208.0,3055.0,899
262Э,24,РОСТОВ-ГЛАВНЫЙ,МАХАЧКАЛА,2К,1,,,208.0,2241.6,899
262Э,24,РОСТОВ-ГЛАВНЫЙ,МАХАЧКАЛА,3Б,1,,,188.2,2685.0,899
262Э,24,РОСТОВ-ГЛАВНЫЙ,МАХАЧКАЛА,3Э,1,,,188.2,2685.0,899
262Э,24,РОСТОВ-ГЛАВНЫЙ,МАХАЧКАЛА,,1,,,0.0,0.0,899
135А,26,РОСТОВ-ГЛАВНЫЙ,МАХАЧКАЛА,1Л,1,,,384.0,9547.5,899
135А,26,РОСТОВ-ГЛАВНЫЙ,МАХАЧКАЛА,2К,1,,,208.0,2485.6,899
135А,26,РОСТОВ-ГЛАВНЫЙ,МАХАЧКАЛА,2К,1,,,208.0,3055.0,899
135А,26,РОСТОВ-ГЛАВНЫЙ,МАХАЧКАЛА,3Б,1,,,188.2,2685.0,899
135А,26,РОСТОВ-ГЛАВНЫЙ,МАХАЧКАЛА,3Э,1,,,188.2,2685.0,899
135А,26,РОСТОВ-ГЛАВНЫЙ,МАХАЧКАЛА,,1,,,0.0,0.0,899
262Э,26,РОСТОВ-ГЛАВНЫЙ,МАХАЧКАЛА,2К,1,,,208.0,2257.8,899
262Э,26,РОСТОВ-ГЛАВНЫЙ,МАХАЧКАЛА,2К,1,,,208.0,2257.8,899
262Э,26,РОСТОВ-ГЛАВНЫЙ,МАХАЧКАЛА,2К,1,,,208.0,2770.3,899
262Э,26,РОСТОВ-ГЛАВНЫЙ,МАХАЧКАЛА,2К,1,,,208.0,2257.8,899
262Э,26,РОСТОВ-ГЛАВНЫЙ,МАХАЧКАЛА,2К,1,,,208.0,2770.3,899
262Э,26,РОСТОВ-ГЛАВНЫЙ,МАХАЧКАЛА,3Б,1,,,188.2,2685.0,899
262Э,26,РОСТОВ-ГЛАВНЫЙ,МАХАЧКАЛА,3Э,1,,,188.2,2685.0,899
262Э,26,РОСТОВ-ГЛАВНЫЙ,МАХАЧКАЛА,,1,,,0.0,0.0,899
135А,28,РОСТОВ-ГЛАВНЫЙ,МАХАЧКАЛА,1Л,1,,,384.0,9547.5,899
135А,28,РОСТОВ-ГЛАВНЫЙ,МАХАЧКАЛА,2К,1,,,208.0,2713.4,899
135А,28,РОСТОВ-ГЛАВНЫЙ,МАХАЧКАЛА,2К,1,,,208.0,3339.7,899
135А,28,РОСТОВ-ГЛАВНЫЙ,МАХАЧКАЛА,2К,1,,,208.0,2444.9,899
135А,28,РОСТОВ-ГЛАВНЫЙ,МАХАЧКАЛА,3Б,1,,,188.2,2685.0,899
135А,28,РОСТОВ-ГЛАВНЫЙ,МАХАЧКАЛА,3Э,1,,,188.2,2685.0,899
135А,28,РОСТОВ-ГЛАВНЫЙ,МАХАЧКАЛА,,1,,,0.0,0.0,899
262Э,28,РОСТОВ-ГЛАВНЫЙ,МАХАЧКАЛА,2К,1,,,208.0,2485.6,899
262Э,28,РОСТОВ-ГЛАВНЫЙ,МАХАЧКАЛА,2К,1,,,208.0,2485.6,899
262Э,28,РОСТОВ-ГЛАВНЫЙ,МАХАЧКАЛА,2К,1,,,208.0,3055.0,899
262Э,28,РОСТОВ-ГЛАВНЫЙ,МАХАЧКАЛА,2К,1,,,208.0,3461.7,899
262Э,28,РОСТОВ-ГЛАВНЫЙ,МАХАЧКАЛА,2К,1,,,208.0,2485.6,899
262Э,28,РОСТОВ-ГЛАВНЫЙ,МАХАЧКАЛА,2К,1,,,208.0,3055.0,899
262Э,28,РОСТОВ-ГЛАВНЫЙ,МАХАЧКАЛА,2К,1,,,208.0,2241.6,899
262Э,28,РОСТОВ-ГЛАВНЫЙ,МАХАЧКАЛА,3Б,1,,,188.2,2685.0,899
262Э,28,РОСТОВ-ГЛАВНЫЙ,МАХАЧКАЛА,3Э,1,,,188.2,2685.0,899
262Э,28,РОСТОВ-ГЛАВНЫЙ,МАХАЧКАЛА,,1,,,0.0,0.0,899
135А,30,РОСТОВ-ГЛАВНЫЙ,МАХАЧКАЛА,1Л,1,,,384.0,9547.5,899
135А,30,РОСТОВ-ГЛАВНЫЙ,МАХАЧКАЛА,3Б,1,,,188.2,2685.0,899
135А,30,РОСТОВ-ГЛАВНЫЙ,МАХАЧКАЛА,3Э,1,,,188.2,2685.0,899
135А,30,РОСТОВ-ГЛАВНЫЙ,МАХАЧКАЛА,,1,,,0.0,0.0,899
262Э,30,РОСТОВ-ГЛАВНЫЙ,МАХАЧКАЛА,2К,1,,,208.0,2257.8,899
262Э,30,РОСТОВ-ГЛАВНЫЙ,МАХАЧКАЛА,2К,1,,,208.0,2770.3,899
262Э,30,РОСТОВ-ГЛАВНЫЙ,МАХАЧКАЛА,2К,1,,,208.0,2257.8,899
262Э,30,РОСТОВ-ГЛАВНЫЙ,МАХАЧКАЛА,2К,1,,,208.0,2770.3,899
262Э,30,РОСТОВ-ГЛАВНЫЙ,МАХАЧКАЛА,2К,1,,,208.0,2038.2,899
262Э,30,РОСТОВ-ГЛАВНЫЙ,МАХАЧКАЛА,3Б,1,,,188.2,2685.0,899
262Э,30,РОСТОВ-ГЛАВНЫЙ,МАХАЧКАЛА,3Э,1,,,188.2,2685.0,899
262Э,30,РОСТОВ-ГЛАВНЫЙ,МАХАЧКАЛА,,1,,,0.0,0.0,899
135А,32,РОСТОВ-ГЛАВНЫЙ,МАХАЧКАЛА,1Л,1,,,384.0,9547.5,899
135А,32,РОСТОВ-ГЛАВНЫЙ,МАХАЧКАЛА,3Б,1,,,188.2,2685.0,899
135А,32,РОСТОВ-ГЛАВНЫЙ,МАХАЧКАЛА,3Э,1,,,188.2,2685.0,899
135А,32,РОСТОВ-ГЛАВНЫЙ,МАХАЧКАЛА,,1,,,0.0,0.0,899
262Э,32,РОСТОВ-ГЛАВНЫЙ,МАХАЧКАЛА,2К,1,,,208.0,2257.8,899
262Э,32,РОСТОВ-ГЛАВНЫЙ,МАХАЧКАЛА,2К,1,,,208.0,2770.3,899
262Э,32,РОСТОВ-ГЛАВНЫЙ,МАХАЧКАЛА,2К,1,,,208.0,3136.3,899
262Э,32,РОСТОВ-ГЛАВНЫЙ,МАХАЧКАЛА,2К,1,,,208.0,2770.3,899
262Э,32,РОСТОВ-ГЛАВНЫЙ,МАХАЧКАЛА,2К,1,,,208.0,3136.3,899
262Э,32,РОСТОВ-ГЛАВНЫЙ,МАХАЧКАЛА,2К,1,,,208.0,2038.2,899
262Э,32,РОСТОВ-ГЛАВНЫЙ,МАХАЧКАЛА,3Б,1,,,188.2,2685.0,899
262Э,32,РОСТОВ-ГЛАВНЫЙ,МАХАЧКАЛА,3Э,1,,,188.2,2685.0,899
262Э,32,РОСТОВ-ГЛАВНЫЙ,МАХАЧКАЛА,,1,,,0.0,0.0,899
135А,34,РОСТОВ-ГЛАВНЫЙ,МАХАЧКАЛА,1Л,1,,,384.0,9547.5,899
135А,34,РОСТОВ-ГЛАВНЫЙ,МАХАЧКАЛА,2К,1,,,208.0,2257.8,899
135А,34,РОСТОВ-ГЛАВНЫЙ,МАХАЧКАЛА,2К,1,,,208.0,2770.3,899
135А,34,РОСТОВ-ГЛАВНЫЙ,МАХАЧКАЛА,3Б,1,,,188.2,2685.0,899
135А,34,РОСТОВ-ГЛАВНЫЙ,МАХАЧКАЛА,3Э,1,,,188.2,2685.0,899
135А,34,РОСТОВ-ГЛАВНЫЙ,МАХАЧКАЛА,,1,,,0.0,0.0,899
262Э,34,РОСТОВ-ГЛАВНЫЙ,МАХАЧКАЛА,2К,1,,,208.0,2257.8,899
262Э,34,РОСТОВ-ГЛАВНЫЙ,МАХАЧКАЛА,2К,1,,,208.0,2770.3,899
262Э,34,РОСТОВ-ГЛАВНЫЙ,МАХАЧКАЛА,2К,1,,,208.0,3136.3,899
262Э,34,РОСТОВ-ГЛАВНЫЙ,МАХАЧКАЛА,2К,1,,,208.0,2257.8,899
262Э,34,РОСТОВ-ГЛАВНЫЙ,МАХАЧКАЛА,2К,1,,,208.0,2770.3,899
262Э,34,РОСТОВ-ГЛАВНЫЙ,МАХАЧКАЛА,2К,1,,,208.0,2038.2,899
262Э,34,РОСТОВ-ГЛАВНЫЙ,МАХАЧКАЛА,3Б,1,,,188.2,2685.0,899
262Э,34,РОСТОВ-ГЛАВНЫЙ,МАХАЧКАЛА,3Э,1,,,188.2,2685.0,899
262Э,34,РОСТОВ-ГЛАВНЫЙ,МАХАЧКАЛА,,1,,,0.0,0.0,899
135А,36,РОСТОВ-ГЛАВНЫЙ,МАХАЧКАЛА,1Л,1,,,384.0,9547.5,899
135А,36,РОСТОВ-ГЛАВНЫЙ,МАХАЧКАЛА,2К,1,,,208.0,2241.6,899
135А,36,РОСТОВ-ГЛАВНЫЙ,МАХАЧКАЛА,3Б,1,,,188.2,2685.0,899
135А,36,РОСТОВ-ГЛАВНЫЙ,МАХАЧКАЛА,3Э,1,,,188.2,2685.0,899
135А,36,РОСТОВ-ГЛАВНЫЙ,МАХАЧКАЛА,,1,,,0.0,0.0,899
262Э,36,РОСТОВ-ГЛАВНЫЙ,МАХАЧКАЛА,2К,1,,,208.0,2257.8,899
262Э,36,РОСТОВ-ГЛАВНЫЙ,МАХАЧКАЛА,2К,1,,,208.0,2770.3,899
262Э,36,РОСТОВ-ГЛАВНЫЙ,МАХАЧКАЛА,2К,1,,,208.0,2770.3,899
262Э,36,РОСТОВ-ГЛАВНЫЙ,МАХАЧКАЛА,2К,1,,,208.0,3136.3,899
262Э,36,РОСТОВ-ГЛАВНЫЙ,МАХАЧКАЛА,2К,1,,,208.0,2038.2,899
262Э,36,РОСТОВ-ГЛАВНЫЙ,МАХАЧКАЛА,3Б,1,,,188.2,2685.0,899
262Э,36,РОСТОВ-ГЛАВНЫЙ,МАХАЧКАЛА,3Э,1,,,188.2,2685.0,899
262Э,36,РОСТОВ-ГЛАВНЫЙ,МАХАЧКАЛА,,1,,,0.0,0.0,899
135А,38,РОСТОВ-ГЛАВНЫЙ,МАХАЧКАЛА,1Л,1,,,384.0,8238.4,899
135А,38,РОСТОВ-ГЛАВНЫЙ,МАХАЧКАЛА,2К,1,,,208.0,2770.3,899
135А,38,РОСТОВ-ГЛАВНЫЙ,МАХАЧКАЛА,3Б,1,,,188.2,2685.0,899
135А,38,РОСТОВ-ГЛАВНЫЙ,МАХАЧКАЛА,3Э,1,,,188.2,2685.0,899
135А,38,РОСТОВ-ГЛАВНЫЙ,МАХАЧКАЛА,,1,,,0.0,0.0,899
262Э,38,РОСТОВ-ГЛАВНЫЙ,МАХАЧКАЛА,2К,1,,,208.0,2257.8,899
262Э,38,РОСТОВ-ГЛАВНЫЙ,МАХАЧКАЛА,2К,1,,,208.0,2770.3,899
262Э,38,РОСТОВ-ГЛАВНЫЙ,МАХАЧКАЛА,2К,1,,,208.0,2257.8,899
262Э,38,РОСТОВ-ГЛАВНЫЙ,МАХАЧКАЛА,2К,1,,,208.0,2770.3,899
262Э,38,РОСТОВ-ГЛАВНЫЙ,МАХАЧКАЛА,2К,1,,,208.0,2038.2,899
262Э,38,РОСТОВ-ГЛАВНЫЙ,МАХАЧКАЛА,3Б,1,,,188.2,2685.0,899
262Э,38,РОСТОВ-ГЛАВНЫЙ,МАХАЧКАЛА,3Э,1,,,188.2,2685.0,899
262Э,38,РОСТОВ-ГЛАВНЫЙ,МАХАЧКАЛА,,1,,,0.0,0.0,899
135А,40,РОСТОВ-ГЛАВНЫЙ,МАХАЧКАЛА,1Л,1,,,384.0,9547.5,899
135А,40,РОСТОВ-ГЛАВНЫЙ,МАХАЧКАЛА,2К,1,,,208.0,2770.3,899
135А,40,РОСТОВ-ГЛАВНЫЙ,МАХАЧКАЛА,2К,1,,,208.0,2038.2,899
135А,40,РОСТОВ-ГЛАВНЫЙ,МАХАЧКАЛА,3Б,1,,,188.2,2685.0,899
135А,40,РОСТОВ-ГЛАВНЫЙ,МАХАЧКАЛА,3Э,1,,,188.2,2685.0,899
135А,40,РОСТОВ-ГЛАВНЫЙ,МАХАЧКАЛА,,1,,,0.0,0.0,899
262Э,40,РОСТОВ-ГЛАВНЫЙ,МАХАЧКАЛА,2К,1,,,208.0,2257.8,899
262Э,40,РОСТОВ-ГЛАВНЫЙ,МАХАЧКАЛА,2К,1,,,208.0,2770.3,899
262Э,40,РОСТОВ-ГЛАВНЫЙ,МАХАЧКАЛА,2К,1,,,208.0,2257.8,899
262Э,40,РОСТОВ-ГЛАВНЫЙ,МАХАЧКАЛА,2К,1,,,208.0,2770.3,899
262Э,40,РОСТОВ-ГЛАВНЫЙ,МАХАЧКАЛА,2К,1,,,208.0,2038.2,899
262Э,40,РОСТОВ-ГЛАВНЫЙ,МАХАЧКАЛА,3Б,1,,,188.2,2685.0,899
262Э,40,РОСТОВ-ГЛАВНЫЙ,МАХАЧКАЛА,3Э,1,,,188.2,2685.0,899
262Э,40,РОСТОВ-ГЛАВНЫЙ,МАХАЧКАЛА,,1,,,0.0,0.0,899
135А,42,РОСТОВ-ГЛАВНЫЙ,МАХАЧКАЛА,1Л,1,,,384.0,9547.5,899
135А,42,РОСТОВ-ГЛАВНЫЙ,МАХАЧКАЛА,2К,1,,,208.0,2257.8,899
135А,42,РОСТОВ-ГЛАВНЫЙ,МАХАЧКАЛА,2К,1,,,208.0,3868.4,899
135А,42,РОСТОВ-ГЛАВНЫЙ,МАХАЧКАЛА,2К,1,,,208.0,2038.2,899
135А,42,РОСТОВ-ГЛАВНЫЙ,МАХАЧКАЛА,3Э,1,,,188.2,2685.0,899
135А,42,РОСТОВ-ГЛАВНЫЙ,МАХАЧКАЛА,,1,,,0.0,0.0,899
262Э,42,РОСТОВ-ГЛАВНЫЙ,МАХАЧКАЛА,2К,1,,,208.0,2257.8,899
262Э,42,РОСТОВ-ГЛАВНЫЙ,МАХАЧКАЛА,2К,1,,,208.0,2770.3,899
262Э,42,РОСТОВ-ГЛАВНЫЙ,МАХАЧКАЛА,2К,1,,,208.0,3136.3,899
262Э,42,РОСТОВ-ГЛАВНЫЙ,МАХАЧКАЛА,2К,1,,,208.0,2257.8,899
262Э,42,РОСТОВ-ГЛАВНЫЙ,МАХАЧКАЛА,2К,1,,,208.0,2770.3,899
262Э,42,РОСТОВ-ГЛАВНЫЙ,МАХАЧКАЛА,2К,1,,,208.0,2038.2,899
262Э,42,РОСТОВ-ГЛАВНЫЙ,МАХАЧКАЛА,3Б,1,,,188.2,2685.0,899
262Э,42,РОСТОВ-ГЛАВНЫЙ,МАХАЧКАЛА,3Э,1,,,188.2,2685.0,899
262Э,42,РОСТОВ-ГЛАВНЫЙ,МАХАЧКАЛА,,1,,,0.0,0.0,899
135А,44,РОСТОВ-ГЛАВНЫЙ,МАХАЧКАЛА,1Л,1,,,384.0,8893.0,899
135А,44,РОСТОВ-ГЛАВНЫЙ,МАХАЧКАЛА,2К,1,,,208.0,2257.8,899
135А,44,РОСТОВ-ГЛАВНЫЙ,МАХАЧКАЛА,2К,1,,,208.0,2770.3,899
135А,44,РОСТОВ-ГЛАВНЫЙ,МАХАЧКАЛА,3Б,1,,,188.2,2685.0,899
135А,44,РОСТОВ-ГЛАВНЫЙ,МАХАЧКАЛА,3Э,1,,,188.2,2685.0,899
135А,44,РОСТОВ-ГЛАВНЫЙ,МАХАЧКАЛА,,1,,,0.0,0.0,899
262Э,44,РОСТОВ-ГЛАВНЫЙ,МАХАЧКАЛА,2К,1,,,208.0,2257.8,899
262Э,44,РОСТОВ-ГЛАВНЫЙ,МАХАЧКАЛА,2К,1,,,208.0,2770.3,899
262Э,44,РОСТОВ-ГЛАВНЫЙ,МАХАЧКАЛА,2К,1,,,208.0,2257.8,899
262Э,44,РОСТОВ-ГЛАВНЫЙ,МАХАЧКАЛА,2К,1,,,208.0,2770.3,899
262Э,44,РОСТОВ-ГЛАВНЫЙ,МАХАЧКАЛА,2К,1,,,208.0,2038.2,899
262Э,44,РОСТОВ-ГЛАВНЫЙ,МАХАЧКАЛА,3Б,1,,,188.2,2685.0,899
262Э,44,РОСТОВ-ГЛАВНЫЙ,МАХАЧКАЛА,3Э,1,,,188.2,2685.0,899
262Э,44,РОСТОВ-ГЛАВНЫЙ,МАХАЧКАЛА,,1,,,0.0,0.0,899
135А,46,РОСТОВ-ГЛАВНЫЙ,МАХАЧКАЛА,1Л,1,,,384.0,8238.4,899
135А,46,РОСТОВ-ГЛАВНЫЙ,МАХАЧКАЛА,2К,1,,,208.0,2257.8,899
135А,46,РОСТОВ-ГЛАВНЫЙ,МАХАЧКАЛА,2К,1,,,208.0,2770.3,899
135А,46,РОСТОВ-ГЛАВНЫЙ,МАХАЧКАЛА,2К,1,,,208.0,2038.2,899
135А,46,РОСТОВ-ГЛАВНЫЙ,МАХАЧКАЛА,3Б,1,,,188.2,2685.0,899
135А,46,РОСТОВ-ГЛАВНЫЙ,МАХАЧКАЛА,3Э,1,,,188.2,2685.0,899
135А,46,РОСТОВ-ГЛАВНЫЙ,МАХАЧКАЛА,,1,,,0.0,0.0,899
262Э,46,РОСТОВ-ГЛАВНЫЙ,МАХАЧКАЛА,2К,1,,,208.0,2257.8,899
262Э,46,РОСТОВ-ГЛАВНЫЙ,МАХАЧКАЛА,2К,1,,,208.0,2770.3,899
262Э,46,РОСТОВ-ГЛАВНЫЙ,МАХАЧКАЛА,2К,1,,,208.0,2257.8,899
262Э,46,РОСТОВ-ГЛАВНЫЙ,МАХАЧКАЛА,2К,1,,,208.0,2770.3,899
262Э,46,РОСТОВ-ГЛАВНЫЙ,МАХАЧКАЛА,2К,1,,,208.0,2038.2,899
262Э,46,РОСТОВ-ГЛАВНЫЙ,МАХАЧКАЛА,3Б,1,,,188.2,2685.0,899
262Э,46,РОСТОВ-ГЛАВНЫЙ,МАХАЧКАЛА,3Э,1,,,188.2,2685.0,899
262Э,46,РОСТОВ-ГЛАВНЫЙ,МАХАЧКАЛА,,1,,,0.0,0.0,899
135А,48,РОСТОВ-ГЛАВНЫЙ,МАХАЧКАЛА,1Л,1,,,384.0,9547.5,899
135А,48,РОСТОВ-ГЛАВНЫЙ,МАХАЧКАЛА,2К,1,,,208.0,2770.3,899
135А,48,РОСТОВ-ГЛАВНЫЙ,МАХАЧКАЛА,3Б,1,,,188.2,2476.9,899
135А,48,РОСТОВ-ГЛАВНЫЙ,МАХАЧКАЛА,3Э,1,,,188.2,2476.9,899
135А,48,РОСТОВ-ГЛАВНЫЙ,МАХАЧКАЛА,,1,,,0.0,0.0,899
262Э,49,РОСТОВ-ГЛАВНЫЙ,МАХАЧКАЛА,2К,1,,,208.0,2257.8,899
262Э,49,РОСТОВ-ГЛАВНЫЙ,МАХАЧКАЛА,2К,1,,,208.0,2770.3,899
262Э,49,РОСТОВ-ГЛАВНЫЙ,МАХАЧКАЛА,2К,1,,,208.0,2257.8,899
262Э,49,РОСТОВ-ГЛАВНЫЙ,МАХАЧКАЛА,2К,1,,,208.0,2770.3,899
262Э,49,РОСТОВ-ГЛАВНЫЙ,МАХАЧКАЛА,2К,1,,,208.0,2038.2,899
262Э,49,РОСТОВ-ГЛАВНЫЙ,МАХАЧКАЛА,3Б,1,,,188.2,2476.9,899
262Э,49,РОСТОВ-ГЛАВНЫЙ,МАХАЧКАЛА,3Э,1,,,188.2,2476.9,899
262Э,49,РОСТОВ-ГЛАВНЫЙ,МАХАЧКАЛА,,1,,,0.0,0.0,899
135А,50,РОСТОВ-ГЛАВНЫЙ,МАХАЧКАЛА,2К,1,,,208.0,1863.9,899
135А,50,РОСТОВ-ГЛАВНЫЙ,МАХАЧКАЛА,3Б,1,,,188.2,2476.9,899
135А,50,РОСТОВ-ГЛАВНЫЙ,МАХАЧКАЛА,3Э,1,,,188.2,2476.9,899
135А,50,РОСТОВ-ГЛАВНЫЙ,МАХАЧКАЛА,,1,,,0.0,0.0,899
262Э,51,РОСТОВ-ГЛАВНЫЙ,МАХАЧКАЛА,2К,1,,,208.0,1930.2,899
262Э,51,РОСТОВ-ГЛАВНЫЙ,МАХАЧКАЛА,2К,1,,,208.0,2360.7,899
262Э,51,РОСТОВ-ГЛАВНЫЙ,МАХАЧКАЛА,2К,1,,,208.0,1930.2,899
262Э,51,РОСТОВ-ГЛАВНЫЙ,МАХАЧКАЛА,2К,1,,,208.0,2360.7,899
262Э,51,РОСТОВ-ГЛАВНЫЙ,МАХАЧКАЛА,2К,1,,,208.0,1863.9,899
262Э,51,РОСТОВ-ГЛАВНЫЙ,МАХАЧКАЛА,3Б,1,,,188.2,2476.9,899
262Э,51,РОСТОВ-ГЛАВНЫЙ,МАХАЧКАЛА,3Э,1,,,188.2,2476.9,899
262Э,51,РОСТОВ-ГЛАВНЫЙ,МАХАЧКАЛА,,1,,,0.0,0.0,899
135А,53,РОСТОВ-ГЛАВНЫЙ,МАХАЧКАЛА,1Л,1,,,384.0,6309.3,899
135А,53,РОСТОВ-ГЛАВНЫЙ,МАХАЧКАЛА,2К,1,,,208.0,1930.2,899
135А,53,РОСТОВ-ГЛАВНЫЙ,МАХАЧКАЛА,2К,1,,,208.0,2360.7,899
135А,53,РОСТОВ-ГЛАВНЫЙ,МАХАЧКАЛА,3Б,1,,,188.2,2476.9,899
135А,53,РОСТОВ-ГЛАВНЫЙ,МАХАЧКАЛА,3Э,1,,,188.2,2476.9,899
135А,53,РОСТОВ-ГЛАВНЫЙ,МАХАЧКАЛА,,1,,,0.0,0.0,899
262Э,53,РОСТОВ-ГЛАВНЫЙ,МАХАЧКАЛА,2К,1,,,208.0,1930.2,899
262Э,53,РОСТОВ-ГЛАВНЫЙ,МАХАЧКАЛА,2К,1,,,208.0,2360.7,899
262Э,53,РОСТОВ-ГЛАВНЫЙ,МАХАЧКАЛА,2К,1,,,208.0,1930.2,899
262Э,53,РОСТОВ-ГЛАВНЫЙ,МАХАЧКАЛА,2К,1,,,208.0,2360.7,899
262Э,53,РОСТОВ-ГЛАВНЫЙ,МАХАЧКАЛА,2К,1,,,208.0,1863.9,899
262Э,53,РОСТОВ-ГЛАВНЫЙ,МАХАЧКАЛА,3Б,1,,,188.2,2476.9,899
262Э,53,РОСТОВ-ГЛАВНЫЙ,МАХАЧКАЛА,3Э,1,,,188.2,2476.9,899
262Э,53,РОСТОВ-ГЛАВНЫЙ,МАХАЧКАЛА,,1,,,0.0,0.0,899
135А,55,РОСТОВ-ГЛАВНЫЙ,МАХАЧКАЛА,1Л,1,,,384.0,7494.3,899
135А,55,РОСТОВ-ГЛАВНЫЙ,МАХАЧКАЛА,2К,1,,,208.0,2360.7,899
135А,55,РОСТОВ-ГЛАВНЫЙ,МАХАЧКАЛА,2К,1,,,208.0,2857.5,899
135А,55,РОСТОВ-ГЛАВНЫЙ,МАХАЧКАЛА,2К,1,,,208.0,1863.9,899
135А,55,РОСТОВ-ГЛАВНЫЙ,МАХАЧКАЛА,3Б,1,,,188.2,2476.9,899
135А,55,РОСТОВ-ГЛАВНЫЙ,МАХАЧКАЛА,3Э,1,,,188.2,2476.9,899
135А,55,РОСТОВ-ГЛАВНЫЙ,МАХАЧКАЛА,,1,,,0.0,0.0,899
262Э,55,РОСТОВ-ГЛАВНЫЙ,МАХАЧКАЛА,2К,1,,,208.0,1930.2,899
262Э,55,РОСТОВ-ГЛАВНЫЙ,МАХАЧКАЛА,2К,1,,,208.0,2360.7,899
262Э,55,РОСТОВ-ГЛАВНЫЙ,МАХАЧКАЛА,2К,1,,,208.0,1930.2,899
262Э,55,РОСТОВ-ГЛАВНЫЙ,МАХАЧКАЛА,2К,1,,,208.0,2360.7,899
262Э,55,РОСТОВ-ГЛАВНЫЙ,МАХАЧКАЛА,2К,1,,,208.0,1863.9,899
262Э,55,РОСТОВ-ГЛАВНЫЙ,МАХАЧКАЛА,3Б,1,,,188.2,2476.9,899
262Э,55,РОСТОВ-ГЛАВНЫЙ,МАХАЧКАЛА,3Э,1,,,188.2,2476.9,899
262Э,55,РОСТОВ-ГЛАВНЫЙ,МАХАЧКАЛА,,1,,,0.0,0.0,899
135А,57,РОСТОВ-ГЛАВНЫЙ,МАХАЧКАЛА,1Л,1,,,384.0,8679.4,899
135А,57,РОСТОВ-ГЛАВНЫЙ,МАХАЧКАЛА,2К,1,,,208.0,1930.2,899
135А,57,РОСТОВ-ГЛАВНЫЙ,МАХАЧКАЛА,2К,1,,,208.0,2360.7,899
135А,57,РОСТОВ-ГЛАВНЫЙ,МАХАЧКАЛА,3Б,1,,,188.2,2476.9,899
135А,57,РОСТОВ-ГЛАВНЫЙ,МАХАЧКАЛА,3Э,1,,,188.2,2476.9,899
135А,57,РОСТОВ-ГЛАВНЫЙ,МАХАЧКАЛА,,1,,,0.0,0.0,899
262Э,57,РОСТОВ-ГЛАВНЫЙ,МАХАЧКАЛА,2К,1,,,208.0,1930.2,899
262Э,57,РОСТОВ-ГЛАВНЫЙ,МАХАЧКАЛА,2К,1,,,208.0,2360.7,899
262Э,57,РОСТОВ-ГЛАВНЫЙ,МАХАЧКАЛА,2К,1,,,208.0,1930.2,899
262Э,57,РОСТОВ-ГЛАВНЫЙ,МАХАЧКАЛА,2К,1,,,208.0,2360.7,899
262Э,57,РОСТОВ-ГЛАВНЫЙ,МАХАЧКАЛА,2К,1,,,208.0,1863.9,899
262Э,57,РОСТОВ-ГЛАВНЫЙ,МАХАЧКАЛА,3Б,1,,,188.2,2476.9,899
262Э,57,РОСТОВ-ГЛАВНЫЙ,МАХАЧКАЛА,3Э,1,,,188.2,2476.9,899
262Э,57,РОСТОВ-ГЛАВНЫЙ,МАХАЧКАЛА,,1,,,0.0,0.0,899
135А,59,РОСТОВ-ГЛАВНЫЙ,МАХАЧКАЛА,1Л,1,,,384.0,7494.3,899
135А,59,РОСТОВ-ГЛАВНЫЙ,МАХАЧКАЛА,2К,1,,,208.0,2360.7,899
135А,59,РОСТОВ-ГЛАВНЫЙ,МАХАЧКАЛА,3Б,1,,,188.2,2476.9,899
135А,59,РОСТОВ-ГЛАВНЫЙ,МАХАЧКАЛА,3Э,1,,,188.2,2476.9,899
135А,59,РОСТОВ-ГЛАВНЫЙ,МАХАЧКАЛА,,1,,,0.0,0.0,899
262Э,59,РОСТОВ-ГЛАВНЫЙ,МАХАЧКАЛА,2К,1,,,208.0,1930.2,899
262Э,59,РОСТОВ-ГЛАВНЫЙ,МАХАЧКАЛА,2К,1,,,208.0,2360.7,899
262Э,59,РОСТОВ-ГЛАВНЫЙ,МАХАЧКАЛА,2К,1,,,208.0,1930.2,899
262Э,59,РОСТОВ-ГЛАВНЫЙ,МАХАЧКАЛА,2К,1,,,208.0,2360.7,899
262Э,59,РОСТОВ-ГЛАВНЫЙ,МАХАЧКАЛА,2К,1,,,208.0,1863.9,899
262Э,59,РОСТОВ-ГЛАВНЫЙ,МАХАЧКАЛА,3Б,1,,,188.2,2476.9,899
262Э,59,РОСТОВ-ГЛАВНЫЙ,МАХАЧКАЛА,3Э,1,,,188.2,2476.9,899
262Э,59,РОСТОВ-ГЛАВНЫЙ,МАХАЧКАЛА,,1,,,0.0,0.0,899
135А,61,РОСТОВ-ГЛАВНЫЙ,МАХАЧКАЛА,1Л,1,,,384.0,8086.8,899
135А,61,РОСТОВ-ГЛАВНЫЙ,МАХАЧКАЛА,2К,1,,,208.0,1930.2,899
135А,61,РОСТОВ-ГЛАВНЫЙ,МАХАЧКАЛА,2К,1,,,208.0,2360.7,899
135А,61,РОСТОВ-ГЛАВНЫЙ,МАХАЧКАЛА,2К,1,,,208.0,1863.9,899
135А,61,РОСТОВ-ГЛАВНЫЙ,МАХАЧКАЛА,3Б,1,,,188.2,2476.9,899
135А,61,РОСТОВ-ГЛАВНЫЙ,МАХАЧКАЛА,3Э,1,,,188.2,2476.9,899
135А,61,РОСТОВ-ГЛАВНЫЙ,МАХАЧКАЛА,,1,,,0.0,0.0,899
262Э,61,РОСТОВ-ГЛАВНЫЙ,МАХАЧКАЛА,2К,1,,,208.0,1930.2,899
262Э,61,РОСТОВ-ГЛАВНЫЙ,МАХАЧКАЛА,2К,1,,,208.0,2360.7,899
262Э,61,РОСТОВ-ГЛАВНЫЙ,МАХАЧКАЛА,2К,1,,,208.0,2360.7,899
262Э,61,РОСТОВ-ГЛАВНЫЙ,МАХАЧКАЛА,2К,1,,,208.0,2857.5,899
262Э,61,РОСТОВ-ГЛАВНЫЙ,МАХАЧКАЛА,2К,1,,,208.0,1863.9,899
262Э,61,РОСТОВ-ГЛАВНЫЙ,МАХАЧКАЛА,3Б,1,,,188.2,2476.9,899
262Э,61,РОСТОВ-ГЛАВНЫЙ,МАХАЧКАЛА,3Э,1,,,188.2,2476.9,899
262Э,61,РОСТОВ-ГЛАВНЫЙ,МАХАЧКАЛА,,1,,,0.0,0.0,899
135А,63,РОСТОВ-ГЛАВНЫЙ,МАХАЧКАЛА,1Л,1,,,384.0,7494.3,899
135А,63,РОСТОВ-ГЛАВНЫЙ,МАХАЧКАЛА,2К,1,,,208.0,2121.5,899
135А,63,РОСТОВ-ГЛАВНЫЙ,МАХАЧКАЛА,2К,1,,,208.0,2599.8,899
135А,63,РОСТОВ-ГЛАВНЫЙ,МАХАЧКАЛА,3Б,1,,,188.2,2476.9,899
135А,63,РОСТОВ-ГЛАВНЫЙ,МАХАЧКАЛА,3Э,1,,,188.2,2476.9,899
135А,63,РОСТОВ-ГЛАВНЫЙ,МАХАЧКАЛА,,1,,,0.0,0.0,899
262Э,63,РОСТОВ-ГЛАВНЫЙ,МАХАЧКАЛА,2К,1,,,208.0,1930.2,899
262Э,63,РОСТОВ-ГЛАВНЫЙ,МАХАЧКАЛА,2К,1,,,208.0,2360.7,899
262Э,63,РОСТОВ-ГЛАВНЫЙ,МАХАЧКАЛА,2К,1,,,208.0,1930.2,899
262Э,63,РОСТОВ-ГЛАВНЫЙ,МАХАЧКАЛА,2К,1,,,208.0,2360.7,899
262Э,63,РОСТОВ-ГЛАВНЫЙ,МАХАЧКАЛА,2К,1,,,208.0,1863.9,899
262Э,63,РОСТОВ-ГЛАВНЫЙ,МАХАЧКАЛА,3Б,1,,,188.2,2476.9,899
262Э,63,РОСТОВ-ГЛАВНЫЙ,МАХАЧКАЛА,3Э,1,,,188.2,2476.9,899
262Э,63,РОСТОВ-ГЛАВНЫЙ,МАХАЧКАЛА,,1,,,0.0,0.0,899
135А,65,РОСТОВ-ГЛАВНЫЙ,МАХАЧКАЛА,1Л,1,,,384.0,5716.7,899
135А,65,РОСТОВ-ГЛАВНЫЙ,МАХАЧКАЛА,2К,1,,,208.0,2360.7,899
135А,65,РОСТОВ-ГЛАВНЫЙ,МАХАЧКАЛА,2К,1,,,208.0,1863.9,899
135А,65,РОСТОВ-ГЛАВНЫЙ,МАХАЧКАЛА,3Б,1,,,188.2,2060.7,899
135А,65,РОСТОВ-ГЛАВНЫЙ,МАХАЧКАЛА,3Э,1,,,188.2,2060.7,899
135А,65,РОСТОВ-ГЛАВНЫЙ,МАХАЧКАЛА,,1,,,0.0,0.0,899
262Э,65,РОСТОВ-ГЛАВНЫЙ,МАХАЧКАЛА,2К,1,,,208.0,1930.2,899
262Э,65,РОСТОВ-ГЛАВНЫЙ,МАХАЧКАЛА,2К,1,,,208.0,2360.7,899
262Э,65,РОСТОВ-ГЛАВНЫЙ,МАХАЧКАЛА,2К,1,,,208.0,1930.2,899
262Э,65,РОСТОВ-ГЛАВНЫЙ,МАХАЧКАЛА,2К,1,,,208.0,2360.7,899
262Э,65,РОСТОВ-ГЛАВНЫЙ,МАХАЧКАЛА,2К,1,,,208.0,1863.9,899
262Э,65,РОСТОВ-ГЛАВНЫЙ,МАХАЧКАЛА,3Б,1,,,188.2,2060.7,899
262Э,65,РОСТОВ-ГЛАВНЫЙ,МАХАЧКАЛА,3Э,1,,,188.2,2060.7,899
262Э,65,РОСТОВ-ГЛАВНЫЙ,МАХАЧКАЛА,,1,,,0.0,0.0,899
135А,67,РОСТОВ-ГЛАВНЫЙ,МАХАЧКАЛА,1Л,1,,,384.0,6309.3,899
135А,67,РОСТОВ-ГЛАВНЫЙ,МАХАЧКАЛА,2К,1,,,208.0,1930.2,899
135А,67,РОСТОВ-ГЛАВНЫЙ,МАХАЧКАЛА,2К,1,,,208.0,2360.7,899
135А,67,РОСТОВ-ГЛАВНЫЙ,МАХАЧКАЛА,2К,1,,,208.0,1863.9,899
135А,67,РОСТОВ-ГЛАВНЫЙ,МАХАЧКАЛА,3Б,1,,,188.2,2060.7,899
135А,67,РОСТОВ-ГЛАВНЫЙ,МАХАЧКАЛА,3Э,1,,,188.2,2060.7,899
135А,67,РОСТОВ-ГЛАВНЫЙ,МАХАЧКАЛА,,1,,,0.0,0.0,899
262Э,67,РОСТОВ-ГЛАВНЫЙ,МАХАЧКАЛА,2К,1,,,208.0,1930.2,899
262Э,67,РОСТОВ-ГЛАВНЫЙ,МАХАЧКАЛА,2К,1,,,208.0,2360.7,899
262Э,67,РОСТОВ-ГЛАВНЫЙ,МАХАЧКАЛА,2К,1,,,208.0,1930.2,899
262Э,67,РОСТОВ-ГЛАВНЫЙ,МАХАЧКАЛА,2К,1,,,208.0,2360.7,899
262Э,67,РОСТОВ-ГЛАВНЫЙ,МАХАЧКАЛА,2К,1,,,208.0,1863.9,899
262Э,67,РОСТОВ-ГЛАВНЫЙ,МАХАЧКАЛА,3Б,1,,,188.2,2060.7,899
262Э,67,РОСТОВ-ГЛАВНЫЙ,МАХАЧКАЛА,3Э,1,,,188.2,2060.7,899
262Э,67,РОСТОВ-ГЛАВНЫЙ,МАХАЧКАЛА,,1,,,0.0,0.0,899
135А,69,РОСТОВ-ГЛАВНЫЙ,МАХАЧКАЛА,1Л,1,,,384.0,5716.7,899
135А,69,РОСТОВ-ГЛАВНЫЙ,МАХАЧКАЛА,2К,1,,,208.0,1930.2,899
135А,69,РОСТОВ-ГЛАВНЫЙ,МАХАЧКАЛА,2К,1,,,208.0,2360.7,899
135А,69,РОСТОВ-ГЛАВНЫЙ,МАХАЧКАЛА,2К,1,,,208.0,1863.9,899
135А,69,РОСТОВ-ГЛАВНЫЙ,МАХАЧКАЛА,3Б,1,,,188.2,2060.7,899
135А,69,РОСТОВ-ГЛАВНЫЙ,МАХАЧКАЛА,3Э,1,,,188.2,2060.7,899
135А,69,РОСТОВ-ГЛАВНЫЙ,МАХАЧКАЛА,,1,,,0.0,0.0,899
262Э,69,РОСТОВ-ГЛАВНЫЙ,МАХАЧКАЛА,2К,1,,,208.0,1930.2,899
262Э,69,РОСТОВ-ГЛАВНЫЙ,МАХАЧКАЛА,2К,1,,,208.0,2360.7,899
262Э,69,РОСТОВ-ГЛАВНЫЙ,МАХАЧКАЛА,2К,1,,,208.0,1930.2,899
262Э,69,РОСТОВ-ГЛАВНЫЙ,МАХАЧКАЛА,2К,1,,,208.0,2360.7,899
262Э,69,РОСТОВ-ГЛАВНЫЙ,МАХАЧКАЛА,2К,1,,,208.0,1863.9,899
262Э,69,РОСТОВ-ГЛАВНЫЙ,МАХАЧКАЛА,3Б,1,,,188.2,2060.7,899
262Э,69,РОСТОВ-ГЛАВНЫЙ,МАХАЧКАЛА,3Э,1,,,188.2,2060.7,899
262Э,69,РОСТОВ-ГЛАВНЫЙ,МАХАЧКАЛА,,1,,,0.0,0.0,899
135А,71,РОСТОВ-ГЛАВНЫЙ,МАХАЧКАЛА,1Л,1,,,384.0,7494.3,899
135А,71,РОСТОВ-ГЛАВНЫЙ,МАХАЧКАЛА,2К,1,,,208.0,2121.5,899
135А,71,РОСТОВ-ГЛАВНЫЙ,МАХАЧКАЛА,2К,1,,,208.0,2599.8,899
135А,71,РОСТОВ-ГЛАВНЫЙ,МАХАЧКАЛА,2К,1,,,208.0,2048.0,899
135А,71,РОСТОВ-ГЛАВНЫЙ,МАХАЧКАЛА,3Б,1,,,188.2,2060.7,899
135А,71,РОСТОВ-ГЛАВНЫЙ,МАХАЧКАЛА,3Э,1,,,188.2,2060.7,899
135А,71,РОСТОВ-ГЛАВНЫЙ,МАХАЧКАЛА,,1,,,0.0,0.0,899
262Э,71,РОСТОВ-ГЛАВНЫЙ,МАХАЧКАЛА,2К,1,,,208.0,1930.2,899
262Э,71,РОСТОВ-ГЛАВНЫЙ,МАХАЧКАЛА,2К,1,,,208.0,2360.7,899
262Э,71,РОСТОВ-ГЛАВНЫЙ,МАХАЧКАЛА,2К,1,,,208.0,1930.2,899
262Э,71,РОСТОВ-ГЛАВНЫЙ,МАХАЧКАЛА,2К,1,,,208.0,2360.7,899
262Э,71,РОСТОВ-ГЛАВНЫЙ,МАХАЧКАЛА,2К,1,,,208.0,1863.9,899
262Э,71,РОСТОВ-ГЛАВНЫЙ,МАХАЧКАЛА,3Б,1,,,188.2,2060.7,899
262Э,71,РОСТОВ-ГЛАВНЫЙ,МАХАЧКАЛА,3Э,1,,,188.2,2060.7,899
262Э,71,РОСТОВ-ГЛАВНЫЙ,МАХАЧКАЛА,,1,,,0.0,0.0,899
135А,73,РОСТОВ-ГЛАВНЫЙ,МАХАЧКАЛА,1Л,1,,,384.0,6309.3,899
135А,73,РОСТОВ-ГЛАВНЫЙ,МАХАЧКАЛА,2К,1,,,208.0,1930.2,899
135А,73,РОСТОВ-ГЛАВНЫЙ,МАХАЧКАЛА,2К,1,,,208.0,2360.7,899
135А,73,РОСТОВ-ГЛАВНЫЙ,МАХАЧКАЛА,2К,1,,,208.0,1863.9,899
135А,73,РОСТОВ-ГЛАВНЫЙ,МАХАЧКАЛА,3Б,1,,,188.2,2060.7,899
135А,73,РОСТОВ-ГЛАВНЫЙ,МАХАЧКАЛА,3Э,1,,,188.2,2060.7,899
135А,73,РОСТОВ-ГЛАВНЫЙ,МАХАЧКАЛА,,1,,,0.0,0.0,899
262Э,73,РОСТОВ-ГЛАВНЫЙ,МАХАЧКАЛА,2К,1,,,208.0,1930.2,899
262Э,73,РОСТОВ-ГЛАВНЫЙ,МАХАЧКАЛА,2К,1,,,208.0,2360.7,899
262Э,73,РОСТОВ-ГЛАВНЫЙ,МАХАЧКАЛА,2К,1,,,208.0,1930.2,899
262Э,73,РОСТОВ-ГЛАВНЫЙ,МАХАЧКАЛА,2К,1,,,208.0,2360.7,899
262Э,73,РОСТОВ-ГЛАВНЫЙ,МАХАЧКАЛА,2К,1,,,208.0,1863.9,899
262Э,73,РОСТОВ-ГЛАВНЫЙ,МАХАЧКАЛА,3Б,1,,,188.2,2060.7,899
262Э,73,РОСТОВ-ГЛАВНЫЙ,МАХАЧКАЛА,3Э,1,,,188.2,2060.7,899
262Э,73,РОСТОВ-ГЛАВНЫЙ,МАХАЧКАЛА,,1,,,0.0,0.0,899
135А,75,РОСТОВ-ГЛАВНЫЙ,МАХАЧКАЛА,1Л,1,,,384.0,7494.3,899
135А,75,РОСТОВ-ГЛАВНЫЙ,МАХАЧКАЛА,2К,1,,,208.0,1930.2,899
135А,75,РОСТОВ-ГЛАВНЫЙ,МАХАЧКАЛА,2К,1,,,208.0,2360.7,899
135А,75,РОСТОВ-ГЛАВНЫЙ,МАХАЧКАЛА,2К,1,,,208.0,1863.9,899
135А,75,РОСТОВ-ГЛАВНЫЙ,МАХАЧКАЛА,3Б,1,,,188.2,2060.7,899
135А,75,РОСТОВ-ГЛАВНЫЙ,МАХАЧКАЛА,3Э,1,,,188.2,2060.7,899
135А,75,РОСТОВ-ГЛАВНЫЙ,МАХАЧКАЛА,,1,,,0.0,0.0,899
262Э,75,РОСТОВ-ГЛАВНЫЙ,МАХАЧКАЛА,2К,1,,,208.0,1930.2,899
262Э,75,РОСТОВ-ГЛАВНЫЙ,МАХАЧКАЛА,2К,1,,,208.0,2360.7,899
262Э,75,РОСТОВ-ГЛАВНЫЙ,МАХАЧКАЛА,2К,1,,,208.0,1930.2,899
262Э,75,РОСТОВ-ГЛАВНЫЙ,МАХАЧКАЛА,2К,1,,,208.0,2360.7,899
262Э,75,РОСТОВ-ГЛАВНЫЙ,МАХАЧКАЛА,2К,1,,,208.0,1863.9,899
262Э,75,РОСТОВ-ГЛАВНЫЙ,МАХАЧКАЛА,3Б,1,,,188.2,2060.7,899
262Э,75,РОСТОВ-ГЛАВНЫЙ,МАХАЧКАЛА,3Э,1,,,188.2,2060.7,899
262Э,75,РОСТОВ-ГЛАВНЫЙ,МАХАЧКАЛА,,1,,,0.0,0.0,899
135А,77,РОСТОВ-ГЛАВНЫЙ,МАХАЧКАЛА,1Л,1,,,384.0,8086.8,899
135А,77,РОСТОВ-ГЛАВНЫЙ,МАХАЧКАЛА,2К,1,,,208.0,1930.2,899
135А,77,РОСТОВ-ГЛАВНЫЙ,МАХАЧКАЛА,2К,1,,,208.0,2360.7,899
135А,77,РОСТОВ-ГЛАВНЫЙ,МАХАЧКАЛА,3Б,1,,,188.2,2060.7,899
135А,77,РОСТОВ-ГЛАВНЫЙ,МАХАЧКАЛА,3Э,1,,,188.2,2060.7,899
135А,77,РОСТОВ-ГЛАВНЫЙ,МАХАЧКАЛА,,1,,,0.0,0.0,899
262Э,77,РОСТОВ-ГЛАВНЫЙ,МАХАЧКАЛА,2К,1,,,208.0,1930.2,899
262Э,77,РОСТОВ-ГЛАВНЫЙ,МАХАЧКАЛА,2К,1,,,208.0,2360.7,899
262Э,77,РОСТОВ-ГЛАВНЫЙ,МАХАЧКАЛА,2К,1,,,208.0,1930.2,899
262Э,77,РОСТОВ-ГЛАВНЫЙ,МАХАЧКАЛА,2К,1,,,208.0,2360.7,899
262Э,77,РОСТОВ-ГЛАВНЫЙ,МАХАЧКАЛА,2К,1,,,208.0,1863.9,899
262Э,77,РОСТОВ-ГЛАВНЫЙ,МАХАЧКАЛА,3Б,1,,,188.2,2060.7,899
262Э,77,РОСТОВ-ГЛАВНЫЙ,МАХАЧКАЛА,3Э,1,,,188.2,2060.7,899
262Э,77,РОСТОВ-ГЛАВНЫЙ,МАХАЧКАЛА,,1,,,0.0,0.0,899
135А,79,РОСТОВ-ГЛАВНЫЙ,МАХАЧКАЛА,1Л,1,,,384.0,7494.3,899
135А,79,РОСТОВ-ГЛАВНЫЙ,МАХАЧКАЛА,2К,1,,,208.0,1930.2,899
135А,79,РОСТОВ-ГЛАВНЫЙ,МАХАЧКАЛА,2К,1,,,208.0,2360.7,899
135А,79,РОСТОВ-ГЛАВНЫЙ,МАХАЧКАЛА,2К,1,,,208.0,1863.9,899
135А,79,РОСТОВ-ГЛАВНЫЙ,МАХАЧКАЛА,3Б,1,,,188.2,2060.7,899
135А,79,РОСТОВ-ГЛАВНЫЙ,МАХАЧКАЛА,3Э,1,,,188.2,2060.7,899
135А,79,РОСТОВ-ГЛАВНЫЙ,МАХАЧКАЛА,,1,,,0.0,0.0,899
135А,81,РОСТОВ-ГЛАВНЫЙ,МАХАЧКАЛА,1Л,1,,,384.0,5716.7,899
135А,81,РОСТОВ-ГЛАВНЫЙ,МАХАЧКАЛА,2К,1,,,208.0,1930.2,899
135А,81,РОСТОВ-ГЛАВНЫЙ,МАХАЧКАЛА,2К,1,,,208.0,2360.7,899
135А,81,РОСТОВ-ГЛАВНЫЙ,МАХАЧКАЛА,2К,1,,,208.0,1863.9,899
135А,81,РОСТОВ-ГЛАВНЫЙ,МАХАЧКАЛА,3Б,1,,,188.2,2060.7,899
135А,81,РОСТОВ-ГЛАВНЫЙ,МАХАЧКАЛА,3Э,1,,,188.2,2060.7,899
135А,81,РОСТОВ-ГЛАВНЫЙ,МАХАЧКАЛА,,1,,,0.0,0.0,899
135А,83,РОСТОВ-ГЛАВНЫЙ,МАХАЧКАЛА,1Л,1,,,384.0,5716.7,899
135А,83,РОСТОВ-ГЛАВНЫЙ,МАХАЧКАЛА,2К,1,,,208.0,1930.2,899
135А,83,РОСТОВ-ГЛАВНЫЙ,МАХАЧКАЛА,2К,1,,,208.0,2360.7,899
135А,83,РОСТОВ-ГЛАВНЫЙ,МАХАЧКАЛА,2К,1,,,208.0,1863.9,899
135А,83,РОСТОВ-ГЛАВНЫЙ,МАХАЧКАЛА,3Б,1,,,188.2,2060.7,899
135А,83,РОСТОВ-ГЛАВНЫЙ,МАХАЧКАЛА,3Э,1,,,188.2,2060.7,899
135А,83,РОСТОВ-ГЛАВНЫЙ,МАХАЧКАЛА,,1,,,0.0,0.0,899
135А,85,РОСТОВ-ГЛАВНЫЙ,МАХАЧКАЛА,1Л,1,,,384.0,6309.3,899
135А,85,РОСТОВ-ГЛАВНЫЙ,МАХАЧКАЛА,2К,1,,,208.0,1930.2,899
135А,85,РОСТОВ-ГЛАВНЫЙ,МАХАЧКАЛА,2К,1,,,208.0,2360.7,899
135А,85,РОСТОВ-ГЛАВНЫЙ,МАХАЧКАЛА,2К,1,,,208.0,1863.9,899
135А,85,РОСТОВ-ГЛАВНЫЙ,МАХАЧКАЛА,3Б,1,,,188.2,2060.7,899
135А,85,РОСТОВ-ГЛАВНЫЙ,МАХАЧКАЛА,3Э,1,,,188.2,2060.7,899
135А,85,РОСТОВ-ГЛАВНЫЙ,МАХАЧКАЛА,,1,,,0.0,0.0,899
135А,87,РОСТОВ-ГЛАВНЫЙ,МАХАЧКАЛА,1Л,1,,,384.0,5716.7,899
135А,87,РОСТОВ-ГЛАВНЫЙ,МАХАЧКАЛА,2К,1,,,208.0,1930.2,899
135А,87,РОСТОВ-ГЛАВНЫЙ,МАХАЧКАЛА,2К,1,,,208.0,2360.7,899
135А,87,РОСТОВ-ГЛАВНЫЙ,МАХАЧКАЛА,2К,1,,,208.0,1863.9,899
135А,87,РОСТОВ-ГЛАВНЫЙ,МАХАЧКАЛА,3Б,1,,,188.2,2060.7,899
135А,87,РОСТОВ-ГЛАВНЫЙ,МАХАЧКАЛА,3Э,1,,,188.2,2060.7,899
135А,87,РОСТОВ-ГЛАВНЫЙ,МАХАЧКАЛА,,1,,,0.0,0.0,899
